{"cameraMode":{"drawMode":0,"name":"Shaded","section":"Shading Mode"},"sceneLighting":true,"audioPlay":false,"sceneViewState":{"m_AlwaysRefresh":false,"showFog":true,"showSkybox":true,"showFlares":true,"showImageEffects":true,"showParticleSystems":true,"showVisualEffectGraphs":true,"m_FxEnabled":true},"in2DMode":false,"pivot":{"x":3.1947431564331056,"y":2.147463798522949,"z":9.787034034729004},"rotation":{"x":0.13756227493286134,"y":0.0014857404166832567,"z":-0.00020634337852243334,"w":0.9904918074607849},"size":10.34958267211914,"orthographic":true}