{"cameraMode":{"drawMode":0,"name":"Shaded","section":"Shading Mode"},"sceneLighting":true,"audioPlay":false,"sceneViewState":{"m_AlwaysRefresh":false,"showFog":true,"showSkybox":true,"showFlares":true,"showImageEffects":true,"showParticleSystems":true,"showVisualEffectGraphs":true,"m_FxEnabled":true},"in2DMode":false,"pivot":{"x":-0.7881812453269959,"y":1.1633985042572022,"z":7.461175918579102},"rotation":{"x":0.007492579985409975,"y":0.04438275843858719,"z":-0.0003328489256091416,"w":0.9989877939224243},"size":24.478891372680665,"orthographic":false}