{"cameraMode":{"drawMode":0,"name":"Shaded","section":"Shading Mode"},"sceneLighting":true,"audioPlay":false,"sceneViewState":{"m_AlwaysRefresh":false,"showFog":true,"showSkybox":true,"showFlares":true,"showImageEffects":true,"showParticleSystems":true,"showVisualEffectGraphs":true,"m_FxEnabled":true},"in2DMode":false,"pivot":{"x":-0.043024539947509769,"y":-2.1003074645996095,"z":-0.7610740661621094},"rotation":{"x":-0.3991462290287018,"y":0.11395690590143204,"z":-0.05007220432162285,"w":-0.9083990454673767},"size":113.7247543334961,"orthographic":true}